SKU,DESCRIPTION,PRICE,QUANTITY
1,should be first,12.56,4
21345,1st Item,12.54,3
21365,cool stuff,15.44,5
21366,more stuff ,19,6
21367,bart,23.37,7
21368,charlie,28.75,9
21369,tony,35.36,10
21370,Goodfellas,43.5,12
21371,Violet,53.5,14
21372,Mary Claire,65.81,17
21373,Regina,80.84,21
21374,Thomas,99.43,25
21375,Max,122.29,30
21376,James,150.41,36
21377,Katie,185,44
21378,Jenny,227.55,52
21379,Wendy,279.89,62
45375463,Second Item,5432.2,23
